/audit.html /danaher/audit.html 301
/danaher-rif.html /articles/danaher-rif.html 301
/johnson-secondary-patents.html /articles/johnson-secondary-patents.html 301
/book-club.html /book-club/index.html 301
/funding-cuts.html /funding-cuts/index.html 301
/templates.html /templates/index.html 301
